Id,Label
Sub-1,good
Sub-2,bad
Sub-3,good
Sub-4,bad
Sub-5,good
Sub-6,good
Sub-7,good
Sub-8,good
Sub-9,good
Sub-10,bad
Sub-11,good
Sub-12,good
Sub-13,good
Sub-14,bad
Sub-15,good
Sub-16,good
Sub-17,good
Sub-18,bad
Sub-19,good
Sub-20,good
Sub-21,good
Sub-22,bad
Sub-23,good
Sub-24,bad
Sub-25,good
Sub-26,bad
Sub-27,bad
Sub-28,good
Sub-29,good
Sub-30,good
Sub-31,good
Sub-32,good
Sub-33,bad
Sub-34,good
Sub-35,bad
Sub-36,good
Sub-37,good
Sub-38,good
Sub-39,bad
Sub-40,good
Sub-41,good
Sub-42,good
Sub-43,good
Sub-44,bad
Sub-45,good
Sub-46,good
Sub-47,good
Sub-48,good
Sub-49,good
Sub-50,good
Sub-51,good
Sub-52,good
Sub-53,good
Sub-54,good
Sub-55,good
Sub-56,good
Sub-57,bad
Sub-58,
Sub-59,good
Sub-60,good
Sub-61,bad
Sub-62,good
Sub-63,good
Sub-64,good
Sub-65,good
Sub-66,good
Sub-67,good
Sub-68,good
Sub-69,good
Sub-70,good
Sub-71,good
Sub-72,good
Sub-73,good
Sub-74,good
Sub-75,good
Sub-76,good
Sub-77,good
Sub-78,good
Sub-79,good
Sub-80,good
Sub-81,good
Sub-82,bad
Sub-83,bad
Sub-84,bad
Sub-85,good
Sub-86,good
Sub-87,good
Sub-88,good
Sub-89,good
Sub-90,good
Sub-91,good
Sub-92,good
Sub-93,good
Sub-94,
Sub-95,bad
Sub-96,good
Sub-97,bad
Sub-98,good
Sub-99,bad
Sub-100,good
Sub-101,good
Sub-102,good
Sub-103,bad
Sub-104,good
Sub-105,good
Sub-106,good
Sub-107,good
Sub-108,good
Sub-109,good
Sub-110,good
Sub-111,good
Sub-112,bad
Sub-113,good
Sub-114,
Sub-115,good
Sub-116,bad
Sub-117,bad
Sub-118,bad
Sub-119,good
Sub-120,good
Sub-121,good
Sub-122,good
Sub-123,good
Sub-124,good
Sub-125,bad
Sub-126,bad
Sub-127,good
Sub-128,good
Sub-129,good
Sub-130,bad
Sub-131,good
Sub-132,bad
Sub-133,bad
Sub-134,good
Sub-135,good
Sub-136,good
Sub-137,good
Sub-138,good
Sub-139,good
Sub-140,good
Sub-141,good
Sub-142,bad
Sub-143,bad
Sub-144,bad
Sub-145,good
Sub-146,good
Sub-147,good
Sub-148,bad
Sub-149,good
Sub-150,good
Sub-151,good
Sub-152,good
Sub-153,good
Sub-154,good
Sub-155,good
Sub-156,good
Sub-157,good
Sub-158,good
Sub-159,bad
Sub-160,good
Sub-161,good
Sub-162,good
Sub-163,good
Sub-164,good
Sub-165,good
Sub-166,good
Sub-167,good
Sub-168,good
Sub-169,good
Sub-170,bad
Sub-171,good
Sub-172,good
Sub-173,good
Sub-174,good
Sub-175,good
Sub-176,good
Sub-177,bad
Sub-178,good
Sub-179,good
Sub-180,bad
Sub-181,bad
Sub-182,good
Sub-183,good
Sub-184,good
Sub-185,bad
Sub-186,good
Sub-187,bad
Sub-188,good
Sub-189,good
Sub-190,good
Sub-191,bad
Sub-192,good
Sub-193,good
Sub-194,good
Sub-195,good
Sub-196,good
Sub-197,good
Sub-198,good
Sub-199,good
Sub-200,good
Sub-201,good
Sub-202,good
Sub-203,good
Sub-204,good
Sub-205,bad
Sub-206,good
Sub-207,good
Sub-208,bad
Sub-209,good
Sub-210,good
Sub-211,good
Sub-212,good
Sub-213,bad
Sub-214,bad
Sub-215,bad
Sub-216,good
Sub-217,good
Sub-218,bad
Sub-219,good
Sub-220,good
Sub-221,bad
Sub-222,bad
Sub-223,good
Sub-224,good
Sub-225,good
Sub-226,bad
Sub-227,bad
Sub-228,good
Sub-229,bad
Sub-230,good
Sub-231,good
Sub-232,good
Sub-233,good
Sub-234,bad
Sub-235,bad
Sub-236,good
Sub-237,bad
Sub-238,good
Sub-239,good
Sub-240,bad
Sub-241,good
Sub-242,bad
Sub-243,good
Sub-244,good
Sub-245,good
Sub-246,
Sub-247,
Sub-248,good
Sub-249,good
Sub-250,bad
Sub-251,good
Sub-252,bad
Sub-253,good
Sub-254,good
Sub-255,bad
Sub-256,good
Sub-257,good
Sub-258,good
Sub-259,good
Sub-260,good
Sub-261,good
Sub-262,good
Sub-263,bad
Sub-264,good
Sub-265,good
Sub-266,good
Sub-267,good
Sub-268,good
Sub-269,bad
Sub-270,bad
Sub-271,good
Sub-272,good
Sub-273,good
Sub-274,good
Sub-275,good
Sub-276,good
Sub-277,good
Sub-278,
Sub-279,good
Sub-280,good
Sub-281,good
Sub-282,good
Sub-283,bad
Sub-284,good
Sub-285,good
Sub-286,good
Sub-287,good
Sub-288,good
Sub-289,good
Sub-290,good
Sub-291,good
Sub-292,good
Sub-293,good
Sub-294,good
Sub-295,bad
Sub-296,good
Sub-297,good
Sub-298,good
Sub-299,good
Sub-300,good
Sub-301,bad
Sub-302,good
Sub-303,good
Sub-304,bad
Sub-305,bad
Sub-306,bad
Sub-307,bad
Sub-308,good
Sub-309,bad
Sub-310,good
Sub-311,bad
Sub-312,good
Sub-313,bad
Sub-314,good
Sub-315,bad
Sub-316,
Sub-317,good
Sub-318,good
Sub-319,bad
Sub-320,good
Sub-321,good
Sub-322,good
Sub-323,good
Sub-324,bad
Sub-325,good
Sub-326,bad
Sub-327,good
Sub-328,good
Sub-329,bad
Sub-330,good
Sub-331,good
Sub-332,bad
Sub-333,good
Sub-334,good
Sub-335,bad
Sub-336,good
Sub-337,bad
Sub-338,good
Sub-339,good
Sub-340,bad
Sub-341,bad
Sub-342,bad
Sub-343,bad
Sub-344,good
Sub-345,
Sub-346,good
Sub-347,good
Sub-348,good
Sub-349,good
Sub-350,good
Sub-351,good
Sub-352,good
Sub-353,good
Sub-354,good
Sub-355,good
Sub-356,good
Sub-357,good
Sub-358,good
Sub-359,good
Sub-360,bad
Sub-361,good
Sub-362,good
Sub-363,good
Sub-364,good
Sub-365,bad
Sub-366,good
Sub-367,good
Sub-368,good
Sub-369,good
Sub-370,good
Sub-371,good
Sub-372,bad
Sub-373,good
Sub-374,good
Sub-375,good
Sub-376,good
Sub-377,good
Sub-378,good
Sub-379,good
Sub-380,good
Sub-381,good
Sub-382,good
Sub-383,good
Sub-384,good
Sub-385,good
Sub-386,bad
Sub-387,good
Sub-388,good
Sub-389,good
Sub-390,good
Sub-391,good
Sub-392,bad
Sub-393,good
Sub-394,bad
Sub-395,good
Sub-396,good
Sub-397,good
Sub-398,good
Sub-399,bad
Sub-400,good
Sub-401,good
Sub-402,good
Sub-403,good
Sub-404,good
Sub-405,
Sub-406,good
Sub-407,good
Sub-408,good
Sub-409,good
Sub-410,good
Sub-411,good
Sub-412,bad
Sub-413,good
Sub-414,good
Sub-415,good
Sub-416,good
Sub-417,good
Sub-418,bad
Sub-419,good
Sub-420,good
Sub-421,good
Sub-422,good
Sub-423,good
Sub-424,good
Sub-425,good
Sub-426,good
Sub-427,good
Sub-428,good
Sub-429,bad
Sub-430,
Sub-431,good
Sub-432,good
Sub-433,good
Sub-434,good
Sub-435,good
Sub-436,good
Sub-437,good
Sub-438,good
Sub-439,good
Sub-440,good
Sub-441,good
Sub-442,good
Sub-443,good
Sub-444,good
Sub-445,good
Sub-446,
Sub-447,good
Sub-448,good
Sub-449,good
Sub-450,good
Sub-451,good
Sub-452,good
Sub-453,good
Sub-454,
Sub-455,good
Sub-456,good
Sub-457,bad
Sub-458,good
Sub-459,good
Sub-460,good
Sub-461,good
Sub-462,bad
Sub-463,good
Sub-464,good
Sub-465,good
Sub-466,good
Sub-467,good
Sub-468,good
Sub-469,good
Sub-470,good
Sub-471,good
Sub-472,good
Sub-473,good
Sub-474,good
Sub-475,bad
Sub-476,good
Sub-477,good
Sub-478,good
Sub-479,good
Sub-480,good
Sub-481,good
Sub-482,bad
Sub-483,good
Sub-484,good
Sub-485,good
Sub-486,good
Sub-487,
Sub-488,good
Sub-489,good
Sub-490,
Sub-491,good
Sub-492,bad
Sub-493,good
Sub-494,bad
Sub-495,
Sub-496,good
Sub-497,good
Sub-498,good
Sub-499,good
Sub-500,good
Sub-501,
Sub-502,good
Sub-503,good
Sub-504,good
Sub-505,good
Sub-506,good
Sub-507,good
Sub-508,good
Sub-509,good
Sub-510,
Sub-511,bad
Sub-512,good
Sub-513,bad
Sub-514,good
Sub-515,good
Sub-516,good
Sub-517,good
Sub-518,good
Sub-519,good
Sub-520,good
Sub-521,good
Sub-522,good
Sub-523,bad
Sub-524,good
Sub-525,good
Sub-526,good
Sub-527,good
Sub-528,good
Sub-529,good
Sub-530,good
Sub-531,good
Sub-532,good
Sub-533,bad
Sub-534,good
Sub-535,good
Sub-536,good
Sub-537,good
Sub-538,
Sub-539,good
Sub-540,good
Sub-541,bad
Sub-542,good
Sub-543,good
Sub-544,good
Sub-545,good
Sub-546,good
Sub-547,good
Sub-548,good
Sub-549,good
Sub-550,good
Sub-551,good
Sub-552,good
Sub-553,bad
Sub-554,
Sub-555,good
Sub-556,good
Sub-557,good
Sub-558,bad
Sub-559,good
Sub-560,good
Sub-561,bad
Sub-562,good
Sub-563,good
Sub-564,good
Sub-565,bad
Sub-566,good
Sub-567,good
Sub-568,good
Sub-569,good
Sub-570,good
Sub-571,bad
Sub-572,bad
Sub-573,good
Sub-574,good
Sub-575,good
Sub-576,good
Sub-577,
Sub-578,good
Sub-579,good
Sub-580,good
Sub-581,good
Sub-582,good
Sub-583,good
Sub-584,good
Sub-585,good
Sub-586,bad
Sub-587,good
Sub-588,good
Sub-589,good
Sub-590,good
Sub-591,bad
Sub-592,good
Sub-593,good
Sub-594,good
Sub-595,good
Sub-596,good
Sub-597,good
Sub-598,
Sub-599,good
Sub-600,bad
Sub-601,good
Sub-602,
Sub-603,good
Sub-604,good
Sub-605,good
Sub-606,good
Sub-607,good
Sub-608,good
Sub-609,good
Sub-610,bad
Sub-611,bad
Sub-612,good
Sub-613,bad
Sub-614,good
Sub-615,good
Sub-616,good
Sub-617,good
Sub-618,good
Sub-619,good
Sub-620,good
Sub-621,bad
Sub-622,good
Sub-623,bad
Sub-624,good
Sub-625,good
Sub-626,good
Sub-627,good
Sub-628,good
Sub-629,good
Sub-630,good
Sub-631,bad
Sub-632,bad
Sub-633,good
Sub-634,bad
Sub-635,good
Sub-636,bad
Sub-637,good
Sub-638,good
Sub-639,good
Sub-640,good
Sub-641,good
Sub-642,good
Sub-643,good
Sub-644,good
Sub-645,good
Sub-646,good
Sub-647,good
Sub-648,good
Sub-649,good
Sub-650,good
Sub-651,good
Sub-652,good
Sub-653,good
Sub-654,good
Sub-655,good
Sub-656,good
Sub-657,bad
Sub-658,good
Sub-659,good
Sub-660,bad
Sub-661,good
Sub-662,good
Sub-663,bad
Sub-664,good
Sub-665,good
Sub-666,good
Sub-667,good
Sub-668,good
Sub-669,good
Sub-670,good
Sub-671,bad
Sub-672,good
Sub-673,good
Sub-674,good
Sub-675,good
Sub-676,good
Sub-677,good
Sub-678,good
Sub-679,good
Sub-680,good
Sub-681,good
Sub-682,bad
Sub-683,good
Sub-684,good
Sub-685,bad
Sub-686,good
Sub-687,good
Sub-688,good
Sub-689,good
Sub-690,good
Sub-691,good
Sub-692,bad
Sub-693,good
Sub-694,good
Sub-695,good
Sub-696,good
Sub-697,bad
Sub-698,good
Sub-699,good
Sub-700,good
Sub-701,good
Sub-702,good
Sub-703,good
Sub-704,good
Sub-705,good
Sub-706,bad
Sub-707,good
Sub-708,good
Sub-709,good
Sub-710,good
Sub-711,good
Sub-712,good
Sub-713,good
Sub-714,good
Sub-715,good
Sub-716,good
Sub-717,good
Sub-718,good
Sub-719,
Sub-720,good
Sub-721,good
Sub-722,
Sub-723,bad
Sub-724,bad
Sub-725,good
Sub-726,bad
Sub-727,good
Sub-728,good
Sub-729,good
Sub-730,good
Sub-731,good
Sub-732,good
Sub-733,bad
Sub-734,good
Sub-735,good
Sub-736,good
Sub-737,good
Sub-738,good
Sub-739,good
Sub-740,good
Sub-741,bad
Sub-742,good
Sub-743,good
Sub-744,good
Sub-745,good
Sub-746,bad
Sub-747,good
Sub-748,good
Sub-749,good
Sub-750,good
Sub-751,good
Sub-752,good
Sub-753,good
Sub-754,good
Sub-755,good
Sub-756,good
Sub-757,bad
Sub-758,good
Sub-759,good
Sub-760,bad
Sub-761,bad
Sub-762,good
Sub-763,good
Sub-764,good
Sub-765,good
Sub-766,bad
Sub-767,bad
Sub-768,good
Sub-769,good
Sub-770,good
Sub-771,good
Sub-772,good
Sub-773,good
Sub-774,good
Sub-775,good
Sub-776,
Sub-777,good
Sub-778,good
Sub-779,bad
Sub-780,good
Sub-781,good
Sub-782,good
Sub-783,
Sub-784,good
Sub-785,good
Sub-786,good
Sub-787,good
Sub-788,good
Sub-789,good
Sub-790,good
Sub-791,bad
Sub-792,good
Sub-793,good
Sub-794,good
Sub-795,good
Sub-796,good
Sub-797,bad
Sub-798,good
Sub-799,good
Sub-800,good
Sub-801,good
Sub-802,good
Sub-803,good
Sub-804,bad
Sub-805,good
Sub-806,good
Sub-807,bad
Sub-808,good
Sub-809,good
Sub-810,good
Sub-811,bad
Sub-812,good
Sub-813,good
Sub-814,bad
Sub-815,good
Sub-816,good
Sub-817,good
Sub-818,good
Sub-819,good
Sub-820,good
Sub-821,bad
Sub-822,good
Sub-823,bad
Sub-824,bad
Sub-825,good
Sub-826,good
Sub-827,bad
Sub-828,good
Sub-829,good
Sub-830,bad
Sub-831,good
Sub-832,bad
Sub-833,good
Sub-834,bad
Sub-835,good
Sub-836,good
Sub-837,
Sub-838,good
Sub-839,bad
Sub-840,good
Sub-841,good
Sub-842,good
Sub-843,bad
Sub-844,good
Sub-845,good
Sub-846,good
Sub-847,good
Sub-848,good
Sub-849,good
Sub-850,good
Sub-851,bad
Sub-852,good
Sub-853,
Sub-854,bad
Sub-855,good
Sub-856,bad
Sub-857,good
Sub-858,good
Sub-859,
Sub-860,good
Sub-861,good
Sub-862,
Sub-863,good
Sub-864,good
Sub-865,good
Sub-866,good
Sub-867,good
Sub-868,good
Sub-869,bad
Sub-870,
Sub-871,good
Sub-872,good
Sub-873,good
Sub-874,bad
Sub-875,good
Sub-876,bad
Sub-877,good
Sub-878,good
Sub-879,good
Sub-880,good
Sub-881,good
Sub-882,good
Sub-883,good
Sub-884,bad
Sub-885,good
Sub-886,good
Sub-887,good
Sub-888,good
Sub-889,bad
Sub-890,good
Sub-891,good
Sub-892,
Sub-893,bad
Sub-894,good
Sub-895,good
Sub-896,bad
Sub-897,good
Sub-898,good
Sub-899,good
Sub-900,good
Sub-901,good
Sub-902,bad
Sub-903,good
Sub-904,good
Sub-905,good
Sub-906,bad
Sub-907,good
Sub-908,good
Sub-909,good
Sub-910,good
Sub-911,good
Sub-912,bad
Sub-913,good
Sub-914,good
Sub-915,good
Sub-916,good
Sub-917,good
Sub-918,good
Sub-919,bad
Sub-920,bad
Sub-921,good
Sub-922,good
Sub-923,good
Sub-924,bad
Sub-925,good
Sub-926,good
Sub-927,good
Sub-928,good
Sub-929,bad
Sub-930,good
Sub-931,good
Sub-932,good
Sub-933,good
Sub-934,good
Sub-935,good
Sub-936,bad
Sub-937,good
Sub-938,good
Sub-939,good
Sub-940,good
Sub-941,good
Sub-942,good
Sub-943,good
Sub-944,good
Sub-945,good
Sub-946,bad
Sub-947,good
Sub-948,good
Sub-949,good
Sub-950,good
Sub-951,good
Sub-952,good
Sub-953,bad
Sub-954,good
Sub-955,good
Sub-956,
Sub-957,good
Sub-958,good
Sub-959,good
Sub-960,good
Sub-961,good
Sub-962,good
Sub-963,bad
Sub-964,good
Sub-965,good
Sub-966,good
Sub-967,good
Sub-968,good
Sub-969,good
Sub-970,good
Sub-971,good
Sub-972,good
Sub-973,bad
Sub-974,bad
Sub-975,good
Sub-976,good
Sub-977,good
Sub-978,good
Sub-979,good
Sub-980,bad
Sub-981,good
Sub-982,good
Sub-983,good
Sub-984,good
Sub-985,good
Sub-986,good
Sub-987,
Sub-988,good
Sub-989,good
Sub-990,bad
Sub-991,good
Sub-992,
Sub-993,good
Sub-994,good
Sub-995,good
Sub-996,good
Sub-997,good
Sub-998,good
Sub-999,good
Sub-1000,bad
Sub-1001,good
Sub-1002,bad
Sub-1003,bad
Sub-1004,good
Sub-1005,good
Sub-1006,good
Sub-1007,good
Sub-1008,bad
Sub-1009,good
Sub-1010,bad
Sub-1011,bad
Sub-1012,good
Sub-1013,good
Sub-1014,good
Sub-1015,good
Sub-1016,good
Sub-1017,bad
Sub-1018,bad
Sub-1019,good
Sub-1020,good
Sub-1021,good
Sub-1022,good
Sub-1023,good
Sub-1024,good
Sub-1025,bad
Sub-1026,bad
Sub-1027,bad
Sub-1028,good
Sub-1029,
Sub-1030,good
Sub-1031,good
Sub-1032,good
Sub-1033,good
Sub-1034,good
Sub-1035,good
Sub-1036,good
Sub-1037,good
Sub-1038,good
Sub-1039,good
Sub-1040,bad
Sub-1041,bad
Sub-1042,
Sub-1043,good
Sub-1044,good
Sub-1045,good
Sub-1046,good
Sub-1047,good
Sub-1048,bad
Sub-1049,good
Sub-1050,good
Sub-1051,good
Sub-1052,bad
Sub-1053,good
Sub-1054,good
Sub-1055,good
Sub-1056,good
Sub-1057,good
Sub-1058,bad
Sub-1059,good
Sub-1060,good
Sub-1061,bad
Sub-1062,good
Sub-1063,good
Sub-1064,good
Sub-1065,good
Sub-1066,bad
Sub-1067,good
Sub-1068,good
Sub-1069,bad
Sub-1070,good
Sub-1071,bad
Sub-1072,good
Sub-1073,good
Sub-1074,good
Sub-1075,good
Sub-1076,good
Sub-1077,good
Sub-1078,good
Sub-1079,bad
Sub-1080,good
Sub-1081,good
Sub-1082,bad
Sub-1083,good
Sub-1084,good
Sub-1085,bad
Sub-1086,good
Sub-1087,good
Sub-1088,good
Sub-1089,good
Sub-1090,good
Sub-1091,good
Sub-1092,good
Sub-1093,good
Sub-1094,good
Sub-1095,good
Sub-1096,good
Sub-1097,good
Sub-1098,bad
Sub-1099,good
Sub-1100,bad
Sub-1101,good
Sub-1102,good
Sub-1103,good
Sub-1104,good
Sub-1105,bad
Sub-1106,good
Sub-1107,bad
Sub-1108,good
Sub-1109,good
Sub-1110,good
Sub-1111,good
Sub-1112,bad
Sub-1113,bad
Sub-1114,bad
Sub-1115,good
Sub-1116,bad
Sub-1117,bad
Sub-1118,bad
Sub-1119,good
Sub-1120,good
Sub-1121,good
Sub-1122,good
Sub-1123,bad
Sub-1124,bad
Sub-1125,bad
Sub-1126,good
Sub-1127,good
Sub-1128,good
Sub-1129,good
Sub-1130,good
Sub-1131,good
Sub-1132,good
Sub-1133,good
Sub-1134,good
Sub-1135,good
Sub-1136,good
Sub-1137,bad
Sub-1138,good
Sub-1139,good
Sub-1140,good
Sub-1141,bad
Sub-1142,good
Sub-1143,good
Sub-1144,good
Sub-1145,bad
Sub-1146,bad
Sub-1147,good
Sub-1148,good
Sub-1149,good
Sub-1150,good
Sub-1151,bad
Sub-1152,good
Sub-1153,bad
Sub-1154,good
Sub-1155,good
Sub-1156,good
Sub-1157,good
Sub-1158,bad
Sub-1159,good
Sub-1160,good
Sub-1161,good
Sub-1162,good
Sub-1163,bad
Sub-1164,good
Sub-1165,good
Sub-1166,good
Sub-1167,bad
Sub-1168,good
Sub-1169,bad
Sub-1170,good
Sub-1171,good
Sub-1172,good
Sub-1173,bad
Sub-1174,good
Sub-1175,bad
Sub-1176,good
Sub-1177,good
Sub-1178,good
Sub-1179,good
Sub-1180,good
Sub-1181,good
Sub-1182,good
Sub-1183,good
Sub-1184,good
Sub-1185,good
Sub-1186,good
Sub-1187,good
Sub-1188,good
Sub-1189,good
Sub-1190,good
Sub-1191,good
Sub-1192,good
Sub-1193,bad
Sub-1194,bad
Sub-1195,good
Sub-1196,
Sub-1197,good
Sub-1198,good
Sub-1199,good
Sub-1200,good
Sub-1201,good
Sub-1202,good
Sub-1203,bad
Sub-1204,good
Sub-1205,good
Sub-1206,good
Sub-1207,bad
Sub-1208,good
Sub-1209,good
Sub-1210,good
Sub-1211,good
Sub-1212,bad
Sub-1213,
Sub-1214,good
Sub-1215,bad
Sub-1216,bad
Sub-1217,good
Sub-1218,good
Sub-1219,good
Sub-1220,good
Sub-1221,bad
Sub-1222,good
Sub-1223,good
Sub-1224,good
Sub-1225,good
Sub-1226,good
Sub-1227,good
Sub-1228,good
Sub-1229,good
Sub-1230,good
Sub-1231,good
Sub-1232,bad
Sub-1233,good
Sub-1234,good
Sub-1235,good
Sub-1236,good
Sub-1237,good
Sub-1238,good
Sub-1239,bad
Sub-1240,good
Sub-1241,
Sub-1242,good
Sub-1243,good
Sub-1244,good
Sub-1245,good
Sub-1246,good
Sub-1247,good
Sub-1248,bad
Sub-1249,good
Sub-1250,good
Sub-1251,good
Sub-1252,good
Sub-1253,
Sub-1254,good
Sub-1255,good
Sub-1256,good
Sub-1257,good
Sub-1258,bad
Sub-1259,good
Sub-1260,bad
Sub-1261,good
Sub-1262,good
Sub-1263,good
Sub-1264,good
Sub-1265,good
Sub-1266,good
Sub-1267,good
Sub-1268,bad
Sub-1269,good
Sub-1270,bad
Sub-1271,good
Sub-1272,good
Sub-1273,
Sub-1274,bad
Sub-1275,good
Sub-1276,good
Sub-1277,good
Sub-1278,good
Sub-1279,good
Sub-1280,good
Sub-1281,good
Sub-1282,good
Sub-1283,good
Sub-1284,good
Sub-1285,good
Sub-1286,good
Sub-1287,
Sub-1288,bad
Sub-1289,good
Sub-1290,good
Sub-1291,good
Sub-1292,bad
Sub-1293,good
Sub-1294,good
Sub-1295,bad
Sub-1296,good
Sub-1297,bad
Sub-1298,bad
Sub-1299,good
Sub-1300,good
Sub-1301,good
Sub-1302,good
Sub-1303,good
Sub-1304,good
Sub-1305,
Sub-1306,good
Sub-1307,good
Sub-1308,good
Sub-1309,good
Sub-1310,bad
Sub-1311,good
Sub-1312,good
Sub-1313,good
Sub-1314,good
Sub-1315,bad
Sub-1316,bad
Sub-1317,good
Sub-1318,bad
Sub-1319,good
Sub-1320,bad
Sub-1321,good
Sub-1322,bad
Sub-1323,bad
Sub-1324,good
Sub-1325,bad
Sub-1326,good
Sub-1327,good
Sub-1328,good
Sub-1329,good
Sub-1330,good
Sub-1331,bad
Sub-1332,bad
Sub-1333,good
Sub-1334,good
Sub-1335,good
Sub-1336,bad
Sub-1337,good
Sub-1338,bad
Sub-1339,good
Sub-1340,good
Sub-1341,good
Sub-1342,good
Sub-1343,good
Sub-1344,
Sub-1345,good
Sub-1346,
Sub-1347,good
Sub-1348,good
Sub-1349,good
Sub-1350,good
Sub-1351,bad
Sub-1352,bad
Sub-1353,good
Sub-1354,good
Sub-1355,good
Sub-1356,good
Sub-1357,good
Sub-1358,good
Sub-1359,good
Sub-1360,good
Sub-1361,good
Sub-1362,good
Sub-1363,good
Sub-1364,good
Sub-1365,good
Sub-1366,bad
Sub-1367,good
Sub-1368,good
Sub-1369,bad
Sub-1370,
Sub-1371,good
Sub-1372,good
Sub-1373,bad
Sub-1374,bad
Sub-1375,good
Sub-1376,bad
Sub-1377,good
Sub-1378,good
Sub-1379,bad
Sub-1380,good
Sub-1381,good
Sub-1382,good
Sub-1383,good
Sub-1384,
Sub-1385,good
Sub-1386,good
Sub-1387,
Sub-1388,good
Sub-1389,good
Sub-1390,bad
Sub-1391,good
Sub-1392,good
Sub-1393,
Sub-1394,
Sub-1395,
Sub-1396,good
Sub-1397,good
Sub-1398,good
Sub-1399,good
Sub-1400,good
Sub-1401,bad
Sub-1402,good
Sub-1403,bad
Sub-1404,good
Sub-1405,good
Sub-1406,good
Sub-1407,good
Sub-1408,good
Sub-1409,good
Sub-1410,bad
Sub-1411,bad
Sub-1412,good
Sub-1413,good
Sub-1414,
Sub-1415,good
Sub-1416,good
Sub-1417,good
Sub-1418,good
Sub-1419,bad
Sub-1420,good
Sub-1421,good
Sub-1422,bad
Sub-1423,good
Sub-1424,good
Sub-1425,good
Sub-1426,good
Sub-1427,good
Sub-1428,good
Sub-1429,good
Sub-1430,good
Sub-1431,good
Sub-1432,good
Sub-1433,good
Sub-1434,good
Sub-1435,good
Sub-1436,good
Sub-1437,bad
Sub-1438,bad
Sub-1439,good
Sub-1440,good
Sub-1441,good
Sub-1442,good
Sub-1443,good
Sub-1444,good
Sub-1445,good
Sub-1446,good
Sub-1447,
Sub-1448,good
Sub-1449,good
Sub-1450,bad
Sub-1451,good
Sub-1452,good
Sub-1453,good
Sub-1454,good
Sub-1455,good
Sub-1456,good
Sub-1457,
Sub-1458,bad
Sub-1459,good
Sub-1460,good
Sub-1461,good
Sub-1462,bad
Sub-1463,bad
Sub-1464,good
Sub-1465,bad
Sub-1466,bad
Sub-1467,good
Sub-1468,good
Sub-1469,good
Sub-1470,good
Sub-1471,good
Sub-1472,good
Sub-1473,good
Sub-1474,good
Sub-1475,good
Sub-1476,bad
Sub-1477,good
Sub-1478,bad
Sub-1479,good
Sub-1480,good
Sub-1481,
Sub-1482,good
Sub-1483,good
Sub-1484,good
Sub-1485,bad
Sub-1486,good
Sub-1487,good
Sub-1488,good
Sub-1489,good
Sub-1490,good
Sub-1491,good
Sub-1492,good
Sub-1493,good
Sub-1494,bad
Sub-1495,good
Sub-1496,good
Sub-1497,good
Sub-1498,good
Sub-1499,good
Sub-1500,bad
Sub-1501,good
Sub-1502,good
Sub-1503,good
Sub-1504,good
Sub-1505,good
Sub-1506,good
Sub-1507,bad
Sub-1508,good
Sub-1509,good
Sub-1510,bad
Sub-1511,good
Sub-1512,good
Sub-1513,bad
Sub-1514,good
Sub-1515,
Sub-1516,good
Sub-1517,good
Sub-1518,good
Sub-1519,good
Sub-1520,bad
Sub-1521,good
Sub-1522,
Sub-1523,good
Sub-1524,good
Sub-1525,good
Sub-1526,good
Sub-1527,good
Sub-1528,good
Sub-1529,good
Sub-1530,good
Sub-1531,good
Sub-1532,good
Sub-1533,good
Sub-1534,good
Sub-1535,good
Sub-1536,good
Sub-1537,good
Sub-1538,good
Sub-1539,good
Sub-1540,good
Sub-1541,bad
Sub-1542,good
Sub-1543,bad
Sub-1544,good
Sub-1545,good
Sub-1546,good
Sub-1547,good
Sub-1548,bad
Sub-1549,good
Sub-1550,good
Sub-1551,bad
Sub-1552,good
Sub-1553,bad
Sub-1554,bad
Sub-1555,good
Sub-1556,good
Sub-1557,good
Sub-1558,
Sub-1559,good
Sub-1560,good
Sub-1561,good
Sub-1562,bad
Sub-1563,bad
Sub-1564,good
Sub-1565,bad
Sub-1566,good
Sub-1567,good
Sub-1568,bad
Sub-1569,good
Sub-1570,bad
Sub-1571,good
Sub-1572,bad
Sub-1573,good
Sub-1574,bad
Sub-1575,good
Sub-1576,good
Sub-1577,bad
Sub-1578,good
Sub-1579,bad
Sub-1580,bad
Sub-1581,good
Sub-1582,good
Sub-1583,good
Sub-1584,good
Sub-1585,good
Sub-1586,good
Sub-1587,good
Sub-1588,bad
Sub-1589,good
Sub-1590,good
Sub-1591,good
Sub-1592,good
Sub-1593,good
Sub-1594,good
Sub-1595,good
Sub-1596,good
Sub-1597,good
Sub-1598,good
Sub-1599,bad
Sub-1600,good
Sub-1601,bad
Sub-1602,good
Sub-1603,good
Sub-1604,good
Sub-1605,good
Sub-1606,bad
Sub-1607,good
Sub-1608,good
Sub-1609,good
Sub-1610,good
Sub-1611,good
Sub-1612,bad
Sub-1613,good
Sub-1614,good
Sub-1615,bad
Sub-1616,good
Sub-1617,good
Sub-1618,
Sub-1619,good
Sub-1620,good
Sub-1621,good
Sub-1622,good
Sub-1623,good
Sub-1624,good
Sub-1625,good
Sub-1626,bad
Sub-1627,good
Sub-1628,good
Sub-1629,good
Sub-1630,bad
Sub-1631,good
Sub-1632,good
Sub-1633,good
Sub-1634,good
Sub-1635,good
Sub-1636,good
Sub-1637,good
Sub-1638,good
Sub-1639,bad
Sub-1640,good
Sub-1641,good
Sub-1642,good
Sub-1643,bad
Sub-1644,good
Sub-1645,
Sub-1646,good
Sub-1647,good
Sub-1648,good
Sub-1649,good
Sub-1650,good
Sub-1651,bad
Sub-1652,good
Sub-1653,good
Sub-1654,good
Sub-1655,bad
Sub-1656,good
Sub-1657,good
Sub-1658,good
Sub-1659,good
Sub-1660,good
Sub-1661,good
Sub-1662,good
Sub-1663,bad
Sub-1664,good
Sub-1665,good
Sub-1666,good
Sub-1667,good
Sub-1668,good
Sub-1669,bad
Sub-1670,good
Sub-1671,good
Sub-1672,
Sub-1673,good
Sub-1674,good
Sub-1675,good
Sub-1676,good
Sub-1677,good
Sub-1678,good
Sub-1679,good
Sub-1680,good
Sub-1681,good
Sub-1682,good
Sub-1683,good
Sub-1684,bad
Sub-1685,good
Sub-1686,good
Sub-1687,good
Sub-1688,bad
Sub-1689,good
Sub-1690,good
Sub-1691,good
Sub-1692,bad
Sub-1693,good
Sub-1694,good
Sub-1695,good
Sub-1696,bad
Sub-1697,good
Sub-1698,good
Sub-1699,good
Sub-1700,good
Sub-1701,good
Sub-1702,good
Sub-1703,bad
Sub-1704,good
Sub-1705,good
Sub-1706,bad
Sub-1707,good
Sub-1708,good
Sub-1709,good
Sub-1710,good
Sub-1711,good
Sub-1712,bad
Sub-1713,good
Sub-1714,good
Sub-1715,bad
Sub-1716,good
Sub-1717,good
Sub-1718,good
Sub-1719,good
Sub-1720,bad
Sub-1721,good
Sub-1722,bad
Sub-1723,good
Sub-1724,bad
Sub-1725,good
Sub-1726,good
Sub-1727,good
Sub-1728,good
Sub-1729,good
Sub-1730,
Sub-1731,good
Sub-1732,good
Sub-1733,good
Sub-1734,good
Sub-1735,good
Sub-1736,bad
Sub-1737,bad
Sub-1738,good
Sub-1739,good
Sub-1740,good
Sub-1741,good
Sub-1742,good
Sub-1743,good
Sub-1744,good
Sub-1745,bad
Sub-1746,bad
Sub-1747,good
Sub-1748,good
Sub-1749,good
Sub-1750,good
Sub-1751,good
Sub-1752,good
Sub-1753,good
Sub-1754,good
Sub-1755,good
Sub-1756,good
Sub-1757,bad
Sub-1758,bad
Sub-1759,good
Sub-1760,good
Sub-1761,good
Sub-1762,good
Sub-1763,good
Sub-1764,good
Sub-1765,bad
Sub-1766,good
Sub-1767,good
Sub-1768,bad
Sub-1769,good
Sub-1770,bad
Sub-1771,good
Sub-1772,bad
Sub-1773,good
Sub-1774,good
Sub-1775,
Sub-1776,good
Sub-1777,good
Sub-1778,good
Sub-1779,good
Sub-1780,good
Sub-1781,bad
Sub-1782,good
Sub-1783,good
Sub-1784,bad
Sub-1785,bad
Sub-1786,good
Sub-1787,good
Sub-1788,good
Sub-1789,good
Sub-1790,good
Sub-1791,bad
Sub-1792,bad
Sub-1793,good
Sub-1794,bad
Sub-1795,bad
Sub-1796,good
Sub-1797,good
Sub-1798,good
Sub-1799,
Sub-1800,good
Sub-1801,bad
Sub-1802,bad
Sub-1803,bad
Sub-1804,good
Sub-1805,good
Sub-1806,good
Sub-1807,good
Sub-1808,good
Sub-1809,good
Sub-1810,good
Sub-1811,good
Sub-1812,bad
Sub-1813,good
Sub-1814,good
Sub-1815,good
Sub-1816,good
Sub-1817,good
Sub-1818,good
Sub-1819,
Sub-1820,
Sub-1821,good
Sub-1822,bad
Sub-1823,good
Sub-1824,bad
Sub-1825,good
Sub-1826,good
Sub-1827,good
Sub-1828,bad
Sub-1829,good
Sub-1830,good
Sub-1831,bad
Sub-1832,good
Sub-1833,bad
Sub-1834,good
Sub-1835,good
Sub-1836,good
Sub-1837,good
Sub-1838,good
Sub-1839,good
Sub-1840,good
Sub-1841,good
Sub-1842,good
Sub-1843,good
Sub-1844,good
Sub-1845,good
Sub-1846,good
Sub-1847,good
Sub-1848,
Sub-1849,bad
Sub-1850,good
Sub-1851,
Sub-1852,bad
Sub-1853,good
Sub-1854,good
Sub-1855,
Sub-1856,good
Sub-1857,bad
Sub-1858,good
Sub-1859,good
Sub-1860,
Sub-1861,good
Sub-1862,
Sub-1863,good
Sub-1864,good
Sub-1865,good
Sub-1866,good
Sub-1867,good
Sub-1868,good
Sub-1869,bad
Sub-1870,good
Sub-1871,bad
Sub-1872,good
Sub-1873,good
Sub-1874,good
Sub-1875,bad
Sub-1876,good
Sub-1877,good
Sub-1878,bad
Sub-1879,bad
Sub-1880,bad
Sub-1881,good
Sub-1882,good
Sub-1883,good
Sub-1884,good
Sub-1885,good
Sub-1886,good
Sub-1887,bad
Sub-1888,good
Sub-1889,good
Sub-1890,good
Sub-1891,good
Sub-1892,good
Sub-1893,good
Sub-1894,good
Sub-1895,bad
Sub-1896,bad
Sub-1897,bad
Sub-1898,bad
Sub-1899,bad
Sub-1900,good
Sub-1901,good
Sub-1902,good
Sub-1903,bad
Sub-1904,bad
Sub-1905,good
Sub-1906,bad
Sub-1907,good
Sub-1908,good
Sub-1909,bad
Sub-1910,good
Sub-1911,
Sub-1912,good
Sub-1913,good
Sub-1914,good
Sub-1915,good
Sub-1916,bad
Sub-1917,good
Sub-1918,good
Sub-1919,good
Sub-1920,bad
Sub-1921,good
Sub-1922,good
Sub-1923,bad
Sub-1924,good
Sub-1925,good
Sub-1926,good
Sub-1927,bad
Sub-1928,bad
Sub-1929,good
Sub-1930,bad
Sub-1931,good
Sub-1932,bad
Sub-1933,bad
Sub-1934,good
Sub-1935,bad
Sub-1936,bad
Sub-1937,good
Sub-1938,good
Sub-1939,good
Sub-1940,bad
Sub-1941,good
Sub-1942,
Sub-1943,bad
Sub-1944,bad
Sub-1945,good
Sub-1946,good
Sub-1947,
Sub-1948,bad
Sub-1949,good
Sub-1950,bad
Sub-1951,good
Sub-1952,good
Sub-1953,good
Sub-1954,good
Sub-1955,good
Sub-1956,
Sub-1957,bad
Sub-1958,good
Sub-1959,good
Sub-1960,good
Sub-1961,good
Sub-1962,good
Sub-1963,bad
Sub-1964,good
Sub-1965,bad
Sub-1966,good
Sub-1967,good
Sub-1968,good
Sub-1969,good
Sub-1970,bad
Sub-1971,bad
Sub-1972,bad
Sub-1973,bad
Sub-1974,bad
Sub-1975,
Sub-1976,good
Sub-1977,good
Sub-1978,bad
Sub-1979,good
Sub-1980,good
Sub-1981,good
Sub-1982,good
Sub-1983,good
Sub-1984,good
Sub-1985,bad
Sub-1986,bad
Sub-1987,good
Sub-1988,good
Sub-1989,good
Sub-1990,good
Sub-1991,good
Sub-1992,bad
Sub-1993,good
Sub-1994,good
Sub-1995,bad
Sub-1996,bad
Sub-1997,good
Sub-1998,good
Sub-1999,good
Sub-2000,
Sub-2001,good
Sub-2002,good
Sub-2003,good
Sub-2004,good
Sub-2005,good
Sub-2006,bad
Sub-2007,good
Sub-2008,
Sub-2009,good
Sub-2010,good
Sub-2011,good
Sub-2012,good
Sub-2013,
Sub-2014,good
Sub-2015,good
Sub-2016,bad
Sub-2017,good
Sub-2018,good
Sub-2019,good
Sub-2020,good
Sub-2021,good
Sub-2022,good
Sub-2023,good
Sub-2024,good
Sub-2025,good
Sub-2026,good
Sub-2027,good
Sub-2028,good
Sub-2029,bad
Sub-2030,good
Sub-2031,good
Sub-2032,bad
Sub-2033,bad
Sub-2034,good
Sub-2035,good
Sub-2036,good
Sub-2037,bad
Sub-2038,good
Sub-2039,good
Sub-2040,good
Sub-2041,bad
Sub-2042,good
Sub-2043,bad
Sub-2044,good
Sub-2045,good
Sub-2046,good
Sub-2047,good
Sub-2048,good
Sub-2049,good
Sub-2050,good
Sub-2051,good
Sub-2052,bad
Sub-2053,good
Sub-2054,good
Sub-2055,good
Sub-2056,bad
Sub-2057,good
Sub-2058,bad
Sub-2059,bad
Sub-2060,good
Sub-2061,good
Sub-2062,bad
Sub-2063,good
Sub-2064,bad
Sub-2065,good
Sub-2066,good
Sub-2067,good
Sub-2068,bad
Sub-2069,bad
Sub-2070,good
Sub-2071,good
Sub-2072,good
Sub-2073,good
Sub-2074,bad
Sub-2075,good
Sub-2076,bad
Sub-2077,bad
Sub-2078,bad
Sub-2079,good
Sub-2080,good
Sub-2081,
Sub-2082,good
Sub-2083,good
Sub-2084,good
Sub-2085,bad
Sub-2086,good
Sub-2087,good
Sub-2088,bad
Sub-2089,good
Sub-2090,bad
Sub-2091,bad
Sub-2092,good
Sub-2093,bad
Sub-2094,good
Sub-2095,good
Sub-2096,good
Sub-2097,good
Sub-2098,good
Sub-2099,good
Sub-2100,good
Sub-2101,good
Sub-2102,good
Sub-2103,good
Sub-2104,bad
Sub-2105,good
Sub-2106,good
Sub-2107,good
Sub-2108,good
Sub-2109,bad
Sub-2110,good
Sub-2111,good
Sub-2112,good
Sub-2113,good
Sub-2114,good
Sub-2115,good
Sub-2116,good
Sub-2117,bad
Sub-2118,good
Sub-2119,bad
Sub-2120,good
Sub-2121,good
Sub-2122,bad
Sub-2123,good
Sub-2124,good
Sub-2125,bad
Sub-2126,good
Sub-2127,good
Sub-2128,good
Sub-2129,good
Sub-2130,good
Sub-2131,good
Sub-2132,bad
Sub-2133,good
Sub-2134,good
Sub-2135,good
Sub-2136,good
Sub-2137,good
Sub-2138,good
Sub-2139,
Sub-2140,bad
Sub-2141,good
Sub-2142,good
Sub-2143,good
Sub-2144,good
Sub-2145,good
Sub-2146,good
Sub-2147,bad
Sub-2148,good
Sub-2149,good
Sub-2150,good
Sub-2151,good
Sub-2152,good
Sub-2153,good
Sub-2154,good
Sub-2155,good
Sub-2156,
Sub-2157,good
Sub-2158,good
Sub-2159,good
Sub-2160,bad
Sub-2161,good
Sub-2162,good
Sub-2163,bad
Sub-2164,good
Sub-2165,good
Sub-2166,good
Sub-2167,good
Sub-2168,good
Sub-2169,good
Sub-2170,good
Sub-2171,good
Sub-2172,
Sub-2173,good
Sub-2174,
Sub-2175,good
Sub-2176,good
Sub-2177,good
Sub-2178,good
Sub-2179,good
Sub-2180,bad
Sub-2181,good
Sub-2182,good
Sub-2183,good
Sub-2184,good
Sub-2185,good
Sub-2186,good
Sub-2187,good
Sub-2188,bad
Sub-2189,good
Sub-2190,bad
Sub-2191,good
Sub-2192,good
Sub-2193,good
Sub-2194,
Sub-2195,good
Sub-2196,good
Sub-2197,good
Sub-2198,good
Sub-2199,bad
Sub-2200,bad
Sub-2201,bad
Sub-2202,good
Sub-2203,good
Sub-2204,good
Sub-2205,good
Sub-2206,good
Sub-2207,good
Sub-2208,bad
Sub-2209,good
Sub-2210,bad
Sub-2211,good
Sub-2212,good
Sub-2213,good
Sub-2214,good
Sub-2215,good
Sub-2216,good
Sub-2217,good
Sub-2218,
Sub-2219,good
Sub-2220,good
Sub-2221,good
Sub-2222,good
Sub-2223,good
Sub-2224,good
Sub-2225,good
Sub-2226,good
Sub-2227,
Sub-2228,good
Sub-2229,good
Sub-2230,good
Sub-2231,bad
Sub-2232,bad
Sub-2233,bad
Sub-2234,good
Sub-2235,good
Sub-2236,good
Sub-2237,bad
Sub-2238,bad
Sub-2239,good
Sub-2240,good
Sub-2241,good
Sub-2242,good
Sub-2243,good
Sub-2244,good
Sub-2245,bad
Sub-2246,good
Sub-2247,good
Sub-2248,good
Sub-2249,good
Sub-2250,good
Sub-2251,good
Sub-2252,
Sub-2253,good
Sub-2254,good
Sub-2255,good
Sub-2256,good
Sub-2257,good
Sub-2258,good
Sub-2259,good
Sub-2260,good
Sub-2261,good
Sub-2262,good
Sub-2263,good
Sub-2264,good
Sub-2265,bad
Sub-2266,good
Sub-2267,bad
Sub-2268,good
Sub-2269,good
Sub-2270,good
Sub-2271,good
Sub-2272,good
Sub-2273,good
Sub-2274,good
Sub-2275,good
Sub-2276,good
Sub-2277,good
Sub-2278,good
Sub-2279,good
Sub-2280,good
Sub-2281,good
Sub-2282,bad
Sub-2283,good
Sub-2284,good
Sub-2285,good
Sub-2286,good
Sub-2287,good
Sub-2288,good
Sub-2289,good
Sub-2290,bad
Sub-2291,good
Sub-2292,good
Sub-2293,bad
Sub-2294,good
Sub-2295,good
Sub-2296,good
Sub-2297,good
Sub-2298,good
Sub-2299,bad
Sub-2300,good
Sub-2301,good
Sub-2302,good
Sub-2303,good
Sub-2304,good
Sub-2305,good
Sub-2306,good
Sub-2307,good
Sub-2308,good
Sub-2309,good
Sub-2310,good
Sub-2311,good
Sub-2312,good
Sub-2313,good
Sub-2314,bad
Sub-2315,good
Sub-2316,good
Sub-2317,good
Sub-2318,good
Sub-2319,good
Sub-2320,bad
Sub-2321,good
Sub-2322,good
Sub-2323,good
Sub-2324,good
Sub-2325,good
Sub-2326,good
Sub-2327,good
Sub-2328,good
Sub-2329,good
Sub-2330,good
Sub-2331,good
Sub-2332,good
Sub-2333,good
Sub-2334,good
Sub-2335,bad
Sub-2336,good
Sub-2337,bad
Sub-2338,good
Sub-2339,good
Sub-2340,good
Sub-2341,good
Sub-2342,good
Sub-2343,good
Sub-2344,good
Sub-2345,good
Sub-2346,good
Sub-2347,good
Sub-2348,good
Sub-2349,good
Sub-2350,good
Sub-2351,good
Sub-2352,good
Sub-2353,good
Sub-2354,good
Sub-2355,good
Sub-2356,good
Sub-2357,good
Sub-2358,good
Sub-2359,good
Sub-2360,good
Sub-2361,bad
Sub-2362,good
Sub-2363,bad
Sub-2364,good
Sub-2365,good
Sub-2366,good
Sub-2367,bad
Sub-2368,bad
Sub-2369,bad
Sub-2370,good
Sub-2371,good
Sub-2372,good
Sub-2373,good
Sub-2374,bad
Sub-2375,good
Sub-2376,
Sub-2377,
Sub-2378,good
Sub-2379,good
Sub-2380,bad
Sub-2381,
Sub-2382,good
Sub-2383,good
Sub-2384,good
Sub-2385,good
Sub-2386,bad
Sub-2387,good
Sub-2388,good
Sub-2389,
Sub-2390,good
Sub-2391,good
Sub-2392,good
Sub-2393,good
Sub-2394,good
Sub-2395,good
Sub-2396,good
Sub-2397,good
Sub-2398,bad
Sub-2399,good
Sub-2400,
Sub-2401,good
Sub-2402,good
Sub-2403,good
Sub-2404,bad
Sub-2405,good
Sub-2406,good
Sub-2407,good
Sub-2408,good
Sub-2409,good
Sub-2410,bad
Sub-2411,good
Sub-2412,bad
Sub-2413,good
Sub-2414,bad
Sub-2415,good
Sub-2416,good
Sub-2417,bad
Sub-2418,bad
Sub-2419,bad
Sub-2420,good
Sub-2421,good
Sub-2422,good
Sub-2423,good
Sub-2424,good
Sub-2425,bad
Sub-2426,good
Sub-2427,good
Sub-2428,good
Sub-2429,good
Sub-2430,good
Sub-2431,good
Sub-2432,bad
Sub-2433,good
Sub-2434,bad
Sub-2435,good
Sub-2436,good
Sub-2437,good
Sub-2438,good
Sub-2439,good
Sub-2440,good
Sub-2441,good
Sub-2442,good
Sub-2443,good
Sub-2444,good
Sub-2445,good
Sub-2446,good
Sub-2447,
Sub-2448,good
Sub-2449,bad
Sub-2450,good
Sub-2451,good
Sub-2452,good
Sub-2453,good
Sub-2454,good
Sub-2455,good
Sub-2456,good
Sub-2457,good
Sub-2458,good
Sub-2459,good
Sub-2460,good
Sub-2461,bad
Sub-2462,good
Sub-2463,good
Sub-2464,good
Sub-2465,bad
Sub-2466,good
Sub-2467,good
Sub-2468,good
Sub-2469,good
Sub-2470,good
Sub-2471,good
Sub-2472,good
Sub-2473,good
Sub-2474,good
Sub-2475,good
Sub-2476,good
Sub-2477,good
Sub-2478,good
Sub-2479,good
Sub-2480,good
Sub-2481,bad
Sub-2482,good
Sub-2483,good
Sub-2484,good
Sub-2485,good
Sub-2486,bad
Sub-2487,good
Sub-2488,good
Sub-2489,bad
Sub-2490,good
Sub-2491,good
Sub-2492,good
Sub-2493,
Sub-2494,good
Sub-2495,
Sub-2496,good
Sub-2497,good
Sub-2498,good
Sub-2499,good
Sub-2500,good
Sub-2501,good
Sub-2502,
Sub-2503,good
Sub-2504,good
Sub-2505,good
Sub-2506,bad
Sub-2507,good
Sub-2508,good
Sub-2509,good
Sub-2510,bad
Sub-2511,good
Sub-2512,good
Sub-2513,good
Sub-2514,good
Sub-2515,good
Sub-2516,good
Sub-2517,good
Sub-2518,good
Sub-2519,good
Sub-2520,bad
Sub-2521,good
Sub-2522,good
Sub-2523,good
Sub-2524,good
Sub-2525,good
Sub-2526,bad
Sub-2527,bad
Sub-2528,bad
Sub-2529,good
Sub-2530,good
Sub-2531,good
Sub-2532,good
Sub-2533,good
Sub-2534,good
Sub-2535,good
Sub-2536,good
Sub-2537,good
Sub-2538,good
Sub-2539,good
Sub-2540,good
Sub-2541,good
Sub-2542,good
Sub-2543,good
Sub-2544,good
Sub-2545,good
Sub-2546,good
Sub-2547,good
Sub-2548,good
Sub-2549,good
Sub-2550,good
Sub-2551,good
Sub-2552,good
Sub-2553,
Sub-2554,good
Sub-2555,bad
Sub-2556,good
Sub-2557,bad
Sub-2558,good
Sub-2559,good
Sub-2560,good
Sub-2561,good
Sub-2562,good
Sub-2563,good
Sub-2564,bad
Sub-2565,good
Sub-2566,good
Sub-2567,bad
Sub-2568,good
Sub-2569,good
Sub-2570,good
Sub-2571,good
Sub-2572,good
Sub-2573,good
Sub-2574,good
Sub-2575,good
Sub-2576,good
Sub-2577,good
Sub-2578,bad
Sub-2579,bad
Sub-2580,good
Sub-2581,good
Sub-2582,good
Sub-2583,good
Sub-2584,good
Sub-2585,
Sub-2586,good
Sub-2587,
Sub-2588,good
Sub-2589,good
Sub-2590,bad
Sub-2591,good
Sub-2592,good
Sub-2593,good
Sub-2594,good
Sub-2595,good
Sub-2596,bad
Sub-2597,good
Sub-2598,good
Sub-2599,good
Sub-2600,good
Sub-2601,good
Sub-2602,good
Sub-2603,bad
Sub-2604,bad
Sub-2605,good
Sub-2606,good
Sub-2607,
Sub-2608,good
Sub-2609,good
Sub-2610,good
Sub-2611,good
Sub-2612,good
Sub-2613,good
Sub-2614,good
Sub-2615,good
Sub-2616,good
Sub-2617,good
Sub-2618,good
Sub-2619,good
Sub-2620,good
Sub-2621,bad
Sub-2622,good
Sub-2623,good
Sub-2624,good
Sub-2625,good
Sub-2626,bad
Sub-2627,good
Sub-2628,good
Sub-2629,good
Sub-2630,
Sub-2631,good
Sub-2632,good
Sub-2633,good
Sub-2634,good
Sub-2635,good
Sub-2636,good
Sub-2637,good
Sub-2638,good
Sub-2639,bad
Sub-2640,good
Sub-2641,good
Sub-2642,good
Sub-2643,good
Sub-2644,good
Sub-2645,good
Sub-2646,good
Sub-2647,bad
Sub-2648,good
Sub-2649,good
Sub-2650,good
Sub-2651,good
Sub-2652,good
Sub-2653,good
Sub-2654,
Sub-2655,good
Sub-2656,good
Sub-2657,good
Sub-2658,good
Sub-2659,bad
Sub-2660,good
Sub-2661,good
Sub-2662,good
Sub-2663,good
Sub-2664,good
Sub-2665,good
Sub-2666,good
Sub-2667,good
Sub-2668,bad
Sub-2669,good
Sub-2670,bad
Sub-2671,good
Sub-2672,good
Sub-2673,good
Sub-2674,good
Sub-2675,good
Sub-2676,bad
Sub-2677,good
Sub-2678,good
Sub-2679,good
Sub-2680,good
Sub-2681,good
Sub-2682,good
Sub-2683,good
Sub-2684,bad
Sub-2685,good
Sub-2686,good
Sub-2687,good
Sub-2688,good
Sub-2689,good
Sub-2690,good
Sub-2691,good
Sub-2692,good
Sub-2693,good
Sub-2694,good
Sub-2695,good
Sub-2696,good
Sub-2697,good
Sub-2698,bad
Sub-2699,good
Sub-2700,good
Sub-2701,good
Sub-2702,good
Sub-2703,bad
Sub-2704,good
Sub-2705,good
Sub-2706,good
Sub-2707,good
Sub-2708,good
Sub-2709,bad
Sub-2710,good
Sub-2711,good
Sub-2712,good
Sub-2713,good
Sub-2714,good
Sub-2715,good
Sub-2716,good
Sub-2717,bad
Sub-2718,good
Sub-2719,good
Sub-2720,good
Sub-2721,
Sub-2722,good
Sub-2723,good
Sub-2724,good
Sub-2725,good
Sub-2726,bad
Sub-2727,good
Sub-2728,good
Sub-2729,good
Sub-2730,good
Sub-2731,good
Sub-2732,good
Sub-2733,bad
Sub-2734,good
Sub-2735,good
Sub-2736,good
Sub-2737,bad
Sub-2738,good
Sub-2739,good
Sub-2740,good
Sub-2741,good
Sub-2742,good
Sub-2743,good
Sub-2744,good
Sub-2745,good
Sub-2746,good
Sub-2747,good
Sub-2748,bad
Sub-2749,good
Sub-2750,good
Sub-2751,good
Sub-2752,good
Sub-2753,good
Sub-2754,good
Sub-2755,
Sub-2756,good
Sub-2757,good
Sub-2758,good
Sub-2759,good
Sub-2760,good
Sub-2761,bad
Sub-2762,good
Sub-2763,good
Sub-2764,good
Sub-2765,good
Sub-2766,good
Sub-2767,bad
Sub-2768,good
Sub-2769,good
Sub-2770,good
Sub-2771,good
Sub-2772,good
Sub-2773,good
Sub-2774,good
Sub-2775,good
Sub-2776,good
Sub-2777,bad
Sub-2778,
Sub-2779,good
Sub-2780,bad
Sub-2781,bad
Sub-2782,good
Sub-2783,good
Sub-2784,
Sub-2785,good
Sub-2786,good
Sub-2787,bad
Sub-2788,good
Sub-2789,good
Sub-2790,good
Sub-2791,good
Sub-2792,good
Sub-2793,good
Sub-2794,good
Sub-2795,bad
Sub-2796,bad
Sub-2797,good
Sub-2798,good
Sub-2799,good
Sub-2800,good
Sub-2801,good
Sub-2802,good
Sub-2803,good
Sub-2804,good
Sub-2805,good
Sub-2806,bad
Sub-2807,good
Sub-2808,
Sub-2809,good
Sub-2810,good
Sub-2811,bad
Sub-2812,good
Sub-2813,good
Sub-2814,good
Sub-2815,good
Sub-2816,good
Sub-2817,good
Sub-2818,good
Sub-2819,good
Sub-2820,good
Sub-2821,good
Sub-2822,good
Sub-2823,bad
Sub-2824,good
Sub-2825,good
Sub-2826,good
Sub-2827,good
Sub-2828,good
Sub-2829,good
Sub-2830,good
Sub-2831,good
Sub-2832,good
Sub-2833,bad
Sub-2834,good
Sub-2835,good
Sub-2836,good
Sub-2837,good
Sub-2838,good
Sub-2839,good
Sub-2840,good
Sub-2841,good
Sub-2842,good
Sub-2843,good
Sub-2844,good
Sub-2845,good
Sub-2846,good
Sub-2847,bad
Sub-2848,good
Sub-2849,good
Sub-2850,good
Sub-2851,good
Sub-2852,good
Sub-2853,good
Sub-2854,good
Sub-2855,good
Sub-2856,bad
Sub-2857,good
Sub-2858,good
Sub-2859,good
Sub-2860,good
Sub-2861,good
Sub-2862,good
Sub-2863,good
Sub-2864,good
Sub-2865,good
Sub-2866,bad
Sub-2867,good
Sub-2868,good
Sub-2869,good
Sub-2870,good
Sub-2871,good
Sub-2872,good
Sub-2873,good
Sub-2874,good
Sub-2875,bad
Sub-2876,good
Sub-2877,good
Sub-2878,good
Sub-2879,good
Sub-2880,good
Sub-2881,good
Sub-2882,good
Sub-2883,good
Sub-2884,good
Sub-2885,bad
Sub-2886,bad
Sub-2887,good
Sub-2888,good
Sub-2889,bad
Sub-2890,bad
Sub-2891,good
Sub-2892,good
Sub-2893,bad
Sub-2894,bad
Sub-2895,good
Sub-2896,good
Sub-2897,good
Sub-2898,good
Sub-2899,bad
Sub-2900,good
Sub-2901,good
Sub-2902,good
Sub-2903,good
Sub-2904,good
Sub-2905,good
Sub-2906,good
Sub-2907,bad
Sub-2908,bad
Sub-2909,good
Sub-2910,good
Sub-2911,good
Sub-2912,good
Sub-2913,good
Sub-2914,good
Sub-2915,good
Sub-2916,good
Sub-2917,bad
Sub-2918,good
Sub-2919,good
Sub-2920,good
Sub-2921,bad
Sub-2922,good
Sub-2923,good
Sub-2924,good
Sub-2925,good
Sub-2926,good
Sub-2927,good
Sub-2928,good
Sub-2929,good
Sub-2930,good
Sub-2931,good
Sub-2932,good
Sub-2933,bad
Sub-2934,good
Sub-2935,good
Sub-2936,bad
Sub-2937,good
Sub-2938,bad
Sub-2939,good
Sub-2940,good
Sub-2941,good
Sub-2942,good
Sub-2943,good
Sub-2944,good
Sub-2945,good
Sub-2946,good
Sub-2947,good
Sub-2948,bad
Sub-2949,good
Sub-2950,good
Sub-2951,good
Sub-2952,bad
Sub-2953,good
Sub-2954,
Sub-2955,bad
Sub-2956,good
Sub-2957,good
Sub-2958,good
Sub-2959,good
Sub-2960,
Sub-2961,good
Sub-2962,good
Sub-2963,good
Sub-2964,good
Sub-2965,good
Sub-2966,good
Sub-2967,good
Sub-2968,good
Sub-2969,good
Sub-2970,good
Sub-2971,good
Sub-2972,good
Sub-2973,good
Sub-2974,bad
Sub-2975,
Sub-2976,good
Sub-2977,good
Sub-2978,good
Sub-2979,bad
Sub-2980,
Sub-2981,good
Sub-2982,good
Sub-2983,good
Sub-2984,good
Sub-2985,good
Sub-2986,bad
Sub-2987,good
Sub-2988,
Sub-2989,bad
Sub-2990,
Sub-2991,good
Sub-2992,bad
Sub-2993,bad
Sub-2994,good
Sub-2995,good
Sub-2996,bad
Sub-2997,good
Sub-2998,good
Sub-2999,bad
Sub-3000,good
Sub-3001,good
Sub-3002,
Sub-3003,good
Sub-3004,good
Sub-3005,good
Sub-3006,good
Sub-3007,good
Sub-3008,good
Sub-3009,good
Sub-3010,good
Sub-3011,good
Sub-3012,good
Sub-3013,bad
Sub-3014,good
Sub-3015,good
Sub-3016,good
Sub-3017,good
Sub-3018,good
Sub-3019,good
Sub-3020,good
Sub-3021,good
Sub-3022,good
Sub-3023,good
Sub-3024,good
Sub-3025,good
Sub-3026,good
Sub-3027,
Sub-3028,good
Sub-3029,good
Sub-3030,good
Sub-3031,good
Sub-3032,good
Sub-3033,good
Sub-3034,good
Sub-3035,good
Sub-3036,good
Sub-3037,good
Sub-3038,good
Sub-3039,good
Sub-3040,good
Sub-3041,good
Sub-3042,good
Sub-3043,good
Sub-3044,good
Sub-3045,good
Sub-3046,good
Sub-3047,good
Sub-3048,good
Sub-3049,good
Sub-3050,bad
Sub-3051,good
Sub-3052,good
Sub-3053,good
Sub-3054,bad
Sub-3055,good
Sub-3056,good
Sub-3057,good
Sub-3058,good
Sub-3059,good
Sub-3060,good
Sub-3061,good
Sub-3062,bad
Sub-3063,good
Sub-3064,good
Sub-3065,good
Sub-3066,good
Sub-3067,good
Sub-3068,bad
Sub-3069,good
Sub-3070,good
Sub-3071,good
Sub-3072,good
Sub-3073,good
Sub-3074,good
Sub-3075,good
Sub-3076,good
Sub-3077,
Sub-3078,good
Sub-3079,good
Sub-3080,good
Sub-3081,good
Sub-3082,good
Sub-3083,good
Sub-3084,good
Sub-3085,
Sub-3086,bad
Sub-3087,good
Sub-3088,good
Sub-3089,good
Sub-3090,good
Sub-3091,bad
Sub-3092,bad
Sub-3093,good
Sub-3094,good
Sub-3095,good
Sub-3096,good
Sub-3097,good
Sub-3098,good
Sub-3099,good
Sub-3100,good
Sub-3101,good
Sub-3102,good
Sub-3103,good
Sub-3104,good
Sub-3105,good
Sub-3106,good
Sub-3107,good
Sub-3108,good
Sub-3109,good
Sub-3110,good
Sub-3111,good
Sub-3112,good
Sub-3113,good
Sub-3114,bad
Sub-3115,good
Sub-3116,good
Sub-3117,good
Sub-3118,good
Sub-3119,good
Sub-3120,good
Sub-3121,good
Sub-3122,good
Sub-3123,bad
Sub-3124,bad
Sub-3125,good
Sub-3126,good
Sub-3127,good
Sub-3128,good
Sub-3129,good
Sub-3130,good
Sub-3131,bad
Sub-3132,good
Sub-3133,good
Sub-3134,good
Sub-3135,good
Sub-3136,good
Sub-3137,good
Sub-3138,good
Sub-3139,good
Sub-3140,good
Sub-3141,good
Sub-3142,good
Sub-3143,good
Sub-3144,good
Sub-3145,good
Sub-3146,good
Sub-3147,good
Sub-3148,good
Sub-3149,good
Sub-3150,good
Sub-3151,good
Sub-3152,good
Sub-3153,bad
Sub-3154,good
Sub-3155,good
Sub-3156,bad
Sub-3157,good
Sub-3158,good
Sub-3159,good
Sub-3160,bad
Sub-3161,good
Sub-3162,good
Sub-3163,good
Sub-3164,good
Sub-3165,good
Sub-3166,good
Sub-3167,good
Sub-3168,good
Sub-3169,good
Sub-3170,bad
Sub-3171,good
Sub-3172,good
Sub-3173,good
Sub-3174,
Sub-3175,bad
Sub-3176,good
Sub-3177,good
Sub-3178,good
Sub-3179,good
Sub-3180,good
Sub-3181,good
Sub-3182,good
Sub-3183,bad
Sub-3184,good
Sub-3185,good
Sub-3186,bad
Sub-3187,good
Sub-3188,good
Sub-3189,good
Sub-3190,good
Sub-3191,good
Sub-3192,good
Sub-3193,good
Sub-3194,good
Sub-3195,good
Sub-3196,good
Sub-3197,bad
Sub-3198,good
Sub-3199,good
Sub-3200,good
Sub-3201,
Sub-3202,good
Sub-3203,good
Sub-3204,good
Sub-3205,good
Sub-3206,good
Sub-3207,good
Sub-3208,good
Sub-3209,good
Sub-3210,good
Sub-3211,good
Sub-3212,good
Sub-3213,bad
Sub-3214,bad
Sub-3215,bad
Sub-3216,good
Sub-3217,good
Sub-3218,bad
Sub-3219,bad
Sub-3220,good
Sub-3221,good
Sub-3222,good
Sub-3223,good
Sub-3224,good
Sub-3225,good
Sub-3226,good
Sub-3227,good
Sub-3228,good
Sub-3229,good
Sub-3230,bad
Sub-3231,good
Sub-3232,good
Sub-3233,good
Sub-3234,good
Sub-3235,good
Sub-3236,bad
Sub-3237,good
Sub-3238,good
Sub-3239,good
Sub-3240,good
Sub-3241,good
Sub-3242,good
Sub-3243,good
Sub-3244,good
Sub-3245,good
Sub-3246,good
Sub-3247,good
Sub-3248,good
Sub-3249,good
Sub-3250,good
Sub-3251,good
Sub-3252,good
Sub-3253,bad
Sub-3254,good
Sub-3255,good
Sub-3256,good
Sub-3257,bad
Sub-3258,good
Sub-3259,good
Sub-3260,good
Sub-3261,good
Sub-3262,good
Sub-3263,good
Sub-3264,good
Sub-3265,bad
Sub-3266,good
Sub-3267,good
Sub-3268,good
Sub-3269,good
Sub-3270,good
Sub-3271,good
Sub-3272,good
Sub-3273,good
Sub-3274,good
Sub-3275,good
Sub-3276,good
Sub-3277,good
Sub-3278,good
Sub-3279,good
Sub-3280,bad
Sub-3281,good
Sub-3282,good
Sub-3283,good
Sub-3284,bad
Sub-3285,bad
Sub-3286,good
Sub-3287,good
Sub-3288,good
Sub-3289,good
Sub-3290,good
Sub-3291,bad
Sub-3292,good
Sub-3293,good
Sub-3294,bad
Sub-3295,good
Sub-3296,good
Sub-3297,good
Sub-3298,good
Sub-3299,good
Sub-3300,good
Sub-3301,good
Sub-3302,good
Sub-3303,good
Sub-3304,good
Sub-3305,good
Sub-3306,bad
Sub-3307,good
Sub-3308,good
Sub-3309,good
Sub-3310,bad
Sub-3311,good
Sub-3312,bad
Sub-3313,good
Sub-3314,good
Sub-3315,bad
Sub-3316,good
Sub-3317,good
Sub-3318,good
Sub-3319,good
Sub-3320,good
Sub-3321,good
Sub-3322,
Sub-3323,good
Sub-3324,bad
Sub-3325,good
Sub-3326,good
Sub-3327,good
Sub-3328,good
Sub-3329,good
Sub-3330,good
Sub-3331,good
Sub-3332,good
Sub-3333,good
Sub-3334,good
Sub-3335,good
Sub-3336,good
Sub-3337,good
Sub-3338,good
Sub-3339,good
Sub-3340,good
Sub-3341,good
Sub-3342,good
Sub-3343,good
Sub-3344,good
Sub-3345,good
Sub-3346,good
Sub-3347,good
Sub-3348,good
Sub-3349,good
Sub-3350,good
Sub-3351,good
Sub-3352,good
Sub-3353,good
Sub-3354,good
Sub-3355,good
Sub-3356,good
Sub-3357,bad
Sub-3358,bad
Sub-3359,good
Sub-3360,good
Sub-3361,bad
Sub-3362,good
Sub-3363,good
Sub-3364,bad
Sub-3365,good
Sub-3366,good
Sub-3367,bad
Sub-3368,good
Sub-3369,good
Sub-3370,bad
Sub-3371,bad
Sub-3372,good
Sub-3373,good
Sub-3374,good
Sub-3375,good
Sub-3376,good
Sub-3377,good
Sub-3378,bad
Sub-3379,bad
Sub-3380,good
Sub-3381,good
Sub-3382,good
Sub-3383,bad
Sub-3384,good
Sub-3385,bad
Sub-3386,good
Sub-3387,good
Sub-3388,good
Sub-3389,good
Sub-3390,bad
Sub-3391,good
Sub-3392,good
Sub-3393,good
Sub-3394,bad
Sub-3395,bad
Sub-3396,good
Sub-3397,good
Sub-3398,bad
Sub-3399,good
Sub-3400,good
Sub-3401,good
Sub-3402,good
Sub-3403,
Sub-3404,good
Sub-3405,good
Sub-3406,good
Sub-3407,good
Sub-3408,bad
Sub-3409,good
Sub-3410,good
Sub-3411,good
Sub-3412,good
Sub-3413,good
Sub-3414,good
Sub-3415,good
Sub-3416,good
Sub-3417,good
Sub-3418,good
Sub-3419,good
Sub-3420,good
Sub-3421,good
Sub-3422,bad
Sub-3423,good
Sub-3424,good
Sub-3425,good
Sub-3426,good
Sub-3427,good
Sub-3428,bad
Sub-3429,good
Sub-3430,good
Sub-3431,good
Sub-3432,bad
Sub-3433,good
Sub-3434,good
Sub-3435,good
Sub-3436,good
Sub-3437,good
Sub-3438,good
Sub-3439,good
Sub-3440,good
Sub-3441,good
Sub-3442,
Sub-3443,good
Sub-3444,bad
Sub-3445,good
Sub-3446,good
Sub-3447,good
Sub-3448,good
Sub-3449,good
Sub-3450,good
Sub-3451,good
Sub-3452,good
Sub-3453,bad
Sub-3454,good
Sub-3455,good
Sub-3456,
Sub-3457,good
Sub-3458,good
Sub-3459,good
Sub-3460,good
Sub-3461,good
Sub-3462,good
Sub-3463,good
Sub-3464,bad
Sub-3465,good
Sub-3466,good
Sub-3467,good
Sub-3468,bad
Sub-3469,good
Sub-3470,good
Sub-3471,good
Sub-3472,good
Sub-3473,bad
Sub-3474,good
Sub-3475,good
Sub-3476,good
Sub-3477,good
Sub-3478,good
Sub-3479,good
Sub-3480,
Sub-3481,
Sub-3482,good
Sub-3483,good
Sub-3484,good
Sub-3485,good
Sub-3486,bad
Sub-3487,good
Sub-3488,good
Sub-3489,bad
Sub-3490,good
Sub-3491,
Sub-3492,good
Sub-3493,good
Sub-3494,good
Sub-3495,
Sub-3496,good
Sub-3497,good
Sub-3498,bad
Sub-3499,good
Sub-3500,bad
Sub-3501,good
Sub-3502,good
Sub-3503,good
Sub-3504,good
Sub-3505,good
Sub-3506,bad
Sub-3507,good
Sub-3508,good
Sub-3509,bad
Sub-3510,bad
Sub-3511,bad
Sub-3512,good
Sub-3513,good
Sub-3514,good
Sub-3515,good
Sub-3516,bad
Sub-3517,bad
Sub-3518,good
Sub-3519,good
Sub-3520,good
Sub-3521,good
Sub-3522,good
Sub-3523,good
Sub-3524,good
Sub-3525,good
Sub-3526,good
Sub-3527,good
Sub-3528,good
Sub-3529,
Sub-3530,bad
Sub-3531,bad
Sub-3532,good
Sub-3533,good
Sub-3534,good
Sub-3535,bad
Sub-3536,good
Sub-3537,good
Sub-3538,good
Sub-3539,good
Sub-3540,good
Sub-3541,good
Sub-3542,good
Sub-3543,good
Sub-3544,good
Sub-3545,good
Sub-3546,good
Sub-3547,good
Sub-3548,bad
Sub-3549,bad
Sub-3550,good
Sub-3551,good
Sub-3552,good
Sub-3553,
Sub-3554,bad
Sub-3555,good
Sub-3556,good
Sub-3557,good
Sub-3558,bad
Sub-3559,good
Sub-3560,good
Sub-3561,good
Sub-3562,good
Sub-3563,bad
Sub-3564,bad
Sub-3565,good
Sub-3566,good
Sub-3567,good
Sub-3568,good
Sub-3569,good
Sub-3570,good
Sub-3571,good
Sub-3572,good
Sub-3573,good
Sub-3574,good
Sub-3575,good
Sub-3576,good
Sub-3577,good
Sub-3578,good
Sub-3579,good
Sub-3580,good
Sub-3581,good
Sub-3582,
Sub-3583,good
Sub-3584,good
Sub-3585,good
Sub-3586,good
Sub-3587,good
Sub-3588,good
Sub-3589,good
Sub-3590,good
Sub-3591,good
Sub-3592,good
Sub-3593,good
Sub-3594,good
Sub-3595,good
Sub-3596,good
Sub-3597,good
Sub-3598,good
Sub-3599,bad
Sub-3600,good
Sub-3601,good
Sub-3602,
Sub-3603,good
Sub-3604,good
Sub-3605,good
Sub-3606,good
Sub-3607,good
Sub-3608,good
Sub-3609,bad
Sub-3610,good
Sub-3611,good
Sub-3612,good
Sub-3613,good
Sub-3614,good
Sub-3615,good
Sub-3616,good
Sub-3617,good
Sub-3618,good
Sub-3619,good
Sub-3620,good
Sub-3621,good
Sub-3622,good
Sub-3623,good
Sub-3624,bad
Sub-3625,bad
Sub-3626,good
Sub-3627,bad
Sub-3628,good
Sub-3629,
Sub-3630,bad
Sub-3631,bad
Sub-3632,good
Sub-3633,good
Sub-3634,good
Sub-3635,
Sub-3636,good
Sub-3637,good
Sub-3638,
Sub-3639,good
Sub-3640,
Sub-3641,good
Sub-3642,good
Sub-3643,good
Sub-3644,
Sub-3645,good
Sub-3646,good
Sub-3647,good
Sub-3648,good
Sub-3649,good
Sub-3650,good
Sub-3651,
Sub-3652,good
Sub-3653,good
Sub-3654,
Sub-3655,good
Sub-3656,good
Sub-3657,good
Sub-3658,good
Sub-3659,good
Sub-3660,good
Sub-3661,good
Sub-3662,good
Sub-3663,good
Sub-3664,good
Sub-3665,bad
Sub-3666,good
Sub-3667,good
Sub-3668,good
Sub-3669,good
Sub-3670,good
Sub-3671,bad
Sub-3672,good
Sub-3673,good
Sub-3674,good
Sub-3675,good
Sub-3676,good
Sub-3677,good
Sub-3678,
Sub-3679,
Sub-3680,good
Sub-3681,good
Sub-3682,good
Sub-3683,good
Sub-3684,good
Sub-3685,good
Sub-3686,good
Sub-3687,
Sub-3688,good
Sub-3689,
Sub-3690,
Sub-3691,good
Sub-3692,bad
Sub-3693,
Sub-3694,good
Sub-3695,good
Sub-3696,good
Sub-3697,good
Sub-3698,good
Sub-3699,
Sub-3700,good
Sub-3701,
Sub-3702,good
Sub-3703,good
Sub-3704,good
Sub-3705,good
Sub-3706,good
Sub-3707,good
Sub-3708,good
Sub-3709,bad
Sub-3710,good
Sub-3711,good
Sub-3712,good
Sub-3713,bad
Sub-3714,good
Sub-3715,good
Sub-3716,good
Sub-3717,good
Sub-3718,
Sub-3719,good
Sub-3720,bad
Sub-3721,good
Sub-3722,good
Sub-3723,good
Sub-3724,good
Sub-3725,good
Sub-3726,
Sub-3727,good
Sub-3728,
Sub-3729,good
Sub-3730,good
Sub-3731,good
Sub-3732,
Sub-3733,
Sub-3734,good
Sub-3735,good
Sub-3736,good
Sub-3737,good
Sub-3738,good
Sub-3739,
Sub-3740,good
Sub-3741,good
Sub-3742,good
Sub-3743,bad
Sub-3744,good
Sub-3745,good
Sub-3746,
Sub-3747,good
Sub-3748,
Sub-3749,
Sub-3750,
Sub-3751,
Sub-3752,good
Sub-3753,good
Sub-3754,good
Sub-3755,good
Sub-3756,good
Sub-3757,good
Sub-3758,good
Sub-3759,
Sub-3760,bad
Sub-3761,
Sub-3762,good
Sub-3763,good
Sub-3764,bad
Sub-3765,
Sub-3766,good
Sub-3767,
Sub-3768,good
Sub-3769,
Sub-3770,
Sub-3771,good
Sub-3772,bad
Sub-3773,
Sub-3774,
Sub-3775,good
Sub-3776,good
Sub-3777,
Sub-3778,good
Sub-3779,
Sub-3780,
Sub-3781,
Sub-3782,bad
Sub-3783,
Sub-3784,bad
Sub-3785,
Sub-3786,
Sub-3787,good
Sub-3788,good
Sub-3789,good
Sub-3790,
Sub-3791,good
Sub-3792,
Sub-3793,good
Sub-3794,good
Sub-3795,
Sub-3796,good